https://enle.org/,contact@enle.org
http://webuyanybusiness.co.uk/,info@webuyanybusiness.co.uk
http://www.business-at.com/,contact.us@business-at.com
http://www.ggbusinessconsulting.co.uk/web/contact.html,ggunce@ggbusinessconsulting.co.uk
https://www.abbyshacklock.com/?utm_source=google&utm_medium=wix_google_business_profile&utm_campaign=6029864196570848541,hello@abbyshacklock.com
https://www.abbyshacklock.com/?utm_source=google&utm_medium=wix_google_business_profile&utm_campaign=6029864196570848541,8c4075d5481d476e945486754f783364@sentry.io
https://mandairandco.co.uk/,admin@mandairandco.co.uk
http://brendonsapeco.com/,contact@diassapeco.com
http://brendonsapeco.com/,contact@brendonsapeco.com
http://webuyanybusiness.co.uk/,info@webuyanybusiness.co.uk
https://mandairandco.co.uk/,admin@mandairandco.co.uk
https://www.nkbusiness.co.uk/,nick@nkbusiness.co.uk
http://brendonsapeco.com/,contact@diassapeco.com
http://brendonsapeco.com/,contact@brendonsapeco.com
https://gaurav-anand.ueniweb.com/,nf.gaurav@gmail.com
https://www.linkedin.com/about-us/contact/,jubao@lingying.com
http://phoenixps.co.uk/,8c4075d5481d476e945486754f783364@sentry.io
http://www.leverworks.co.uk/,jonathan.crocker@leverworks.co.uk
http://www.leverworks.co.uk/,projects@leverworks.co.uk
http://www.123bserv.co.uk/,info@123bserv.co.uk
http://www.123bserv.co.uk/,info@123bserv.co.uk
http://www.bilbeck.co.uk/,william.beckerleg@bilbeck.co.uk
https://www.poweraccountax.co.uk/,services@poweraccountax.co.uk
http://www.codinginternational.com/,info@codinginternational.com
https://wearediverso.com/,hello@wearediverso.com
https://sites.google.com/support/,smart.journey.prober@gmail.com
https://sites.google.com/support/,asxvmprobertest@gmail.com
https://sc-limited.co.uk/?utm_source=google&utm_medium=wix_google_business_profile&utm_campaign=329428451043500669,info@sc-limited.co.uk
https://sc-limited.co.uk/?utm_source=google&utm_medium=wix_google_business_profile&utm_campaign=329428451043500669,chloe@scrumptiousconsultancy.com
https://www.streetcredits.co.uk/,chris@streetcredits.co.uk
https://www.streetcredits.co.uk/,info@streetcredits.co.uk
http://cplconsulting.co.uk/,sales@cplconsulting.co.uk
http://www.sharma-company.co.uk/contact-us/,sharma_s111@yahoo.co.uk
https://www.numericaccounting.co.uk/contact/southampton/?utm_source=GMBlisting&utm_medium=organic&utm_campaign=Southampton,salisbury@numericaccounting.co.uk
https://www.numericaccounting.co.uk/contact/southampton/?utm_source=GMBlisting&utm_medium=organic&utm_campaign=Southampton,soton@numericaccounting.co.uk
https://www.numericaccounting.co.uk/contact/southampton/?utm_source=GMBlisting&utm_medium=organic&utm_campaign=Southampton,info@numericaccounting.co.uk
http://www.sdraccounting.co.uk/,shelley@sdraccounting.co.uk
http://www.geekunique.co.uk/,inbox@geekunique.co.uk
https://bp-ms.co.uk/,info@bp-ms.co.uk
http://www.realbusinessrescue.co.uk/nearest-office/southampton-insolvency-practitioners-licensed,advice@realbusinessrescue.co.uk
http://www.realbusinessrescue.co.uk/nearest-office/southampton-insolvency-practitioners-licensed,southampton@realbusinessrescue.co.uk
https://thomascroft.co/,info@thomascroft.co
https://blpawill.co.uk/,brett@blpawill.co.uk
https://honeybee-business.com/?utm_source=GMB&utm_medium=organic&utm_campaign=office,bernie@honeybee-business.com
https://www.kaezn.com/,jerry.smith@gmail.com
http://www.cooke-co.co.uk/,info@northoverco.co.uk
https://cheshire-business.co.uk/,info@ndiscovered.com
https://cheshire-business.co.uk/,hello@rfuenzalida.com
https://cheshire-business.co.uk/,impallari@gmail.com
https://cheshire-business.co.uk/,info@cheshire-business.co.uk
https://www.visualytes.com/,support@visualytes.com
https://www.visualytes.com/,hello@visualytes.com
https://www.aims.co.uk/accountants/neil-ayton,neil.ayton@aims.co.uk
http://rodosecompanylimited.co.uk/,info@rodosecompanylimited.co.uk
http://solentestatespartnership.co.uk/,8c4075d5481d476e945486754f783364@sentry.io
http://www.cindellogistics.co.uk/,info@cindellogistics.co.uk
https://www.aims.co.uk/accountants/jonathan-porter,jonathan.porter@aims.co.uk
https://www.aims.co.uk/accountants/andrew-jenvey,andrew.jenvey@aims.co.uk
https://www.aims.co.uk/accountants/keith-powers,keith.powers@aims.co.uk
https://www.slcm.co.uk/contact,sarah.lowe@slcm.co.uk
https://www.slcm.co.uk/contact,info@slcm.co.uk
https://hswaccountants.co.uk/,contact@sansoxygen.com
https://hswaccountants.co.uk/,info@hswaccountants.co.uk
https://www.pandey.co.uk/,dp@pandey.co.uk
http://www.mottmac.com/,london@mottmac.com
http://www.colva-it.com/,sales@colva-it.com
http://www.theinvisibleassistant.co.uk/?utm_source=google&utm_medium=wix_google_business_profile&utm_campaign=1494081084211069226,8c4075d5481d476e945486754f783364@sentry.io
http://www.philcurlaccountancy.co.uk/?utm_source=googleplaces&utm_medium=maps&utm_campaign=Google%20Places,phil@philcurlaccountancy.co.uk
